t,x_s1,x_s2,x_s3,x_s_d1,x_s_d2,x_s_d3,propellers_rpms1,propellers_rpms2,propellers_rpms3,propellers_rpms4,rollRad,pitchRad,yawRad,v_s1,v_s2,v_s3,v_s_d1,v_s_d2,v_s_d3,insideCount
0,-0.0599999986588955,2.94000005722046,1.17999994754791,-0.0599999986588955,2.94000005722046,1.17999994754791,0,0,0,0,0,0,0,0,0,0,-1.06581410364015E-15,4.44089209850063E-16,4.44089209850063E-16,0
0.019989013671875,-0.0599999986588955,2.94000005722046,1.17615437507629,-0.0600018659130177,2.93999925379318,1.18000110346716,0,0,0,0,0,0,0,0,0,-0.192275941371918,-0.000279680311988734,-0.000120338624884473,0.000173135436141649,9
0.03997802734375,-0.0599999986588955,2.94000005722046,1.16854023933411,-0.060014847005691,2.93999366839165,1.1800091393819,0,0,0,0,0,0,0,-2.58693946061287E-22,-3.88396258331244E-24,-0.380706369876862,-0.00110975851463131,-0.000477498085781228,0.000686993385685745,9
0.05999755859375,-0.0599999986588955,2.94000005722046,1.16209828853607,-0.0600498857373401,2.93997859220429,1.18003083002592,2729.295,2675.473,2548.915,2604.147,-0.001367267,2.002408E-06,-0.0005752428,-1.80238712843561E-09,-4.41745884316447E-09,-0.32210037112236,-0.00247936261166862,-0.00106680046642749,0.00153484356504269,9
0.079986572265625,-0.0599972493946552,2.93999361991882,1.15672361850739,-0.0601174907153006,2.93994950367094,1.18007268072775,2722.604,2694.542,2468.312,2495.752,-0.005195827,8.099308E-06,-0.001442901,0.000137505237944424,-0.000327059446135536,-0.268736302852631,-0.00437104534358026,-0.00188073869847162,0.00270588528944111,9
0.0999755859375,-0.059987761080265,2.93996286392212,1.15231907367706,-0.0602280337026576,2.93990194011169,1.18014111210282,2568.05,2685.725,2542.749,2420.417,-0.01060311,1.299348E-05,-0.001045557,0.000474372500320897,-0.00154367834329605,-0.220227673649788,-0.00677334142420609,-0.00291437958958193,0.00419302100058057,9
