t,x_s1,x_s2,x_s3,x_s_d1,x_s_d2,x_s_d3,propellers_rpms1,propellers_rpms2,propellers_rpms3,propellers_rpms4,rollRad,pitchRad,yawRad,v_s1,v_s2,v_s3,v_s_d1,v_s_d2,v_s_d3,insideCount
0,-0.0599999986588955,2.94000005722046,1.17999994754791,-0.0599999986588955,2.94000005722046,1.17999994754791,0,0,0,0,0,45.0048027038574,0,0,0,0,-1.06581410364015E-15,4.44089209850063E-16,-7.105427357601E-16,0
