repeat_simulation_ith,dist_between_rope_and_UAV,wind_field,vx_rand,cost
1,0.518509467159173,0,1.86090697318358,1.86090697318358
2,0.710096020050085,0,0.521539155403869,0.521539155403869
3,0.462439902416722,0,1.42944257097758,1.42944257097758
4,0.470326838187293,0,1.66978061199188,1.66978061199188
5,0.463548372885972,0,2.07078289985657,2.07078289985657
6,0.465086652593494,0,2.27151727676392,2.27151727676392
7,0.428932538044451,0,2.46756911277771,2.46756911277771
8,0.526900085427723,0,0.990712881088257,0.990712881088257
9,0.321414685247687,0,1.22029268741608,1.22029268741608
