repeat_simulation_ith, dist_between_rope_and_UAV, wind_field
1,0.177571964444879,0
2,0.635447574573002,0
3,0.641074976256887,0
4,0.63974017286486,0
6,0.177571964444879,0
7,0.635447574573002,0
8,0.641074976256887,0
