repeat_simulation_ith,dist_between_rope_and_UAV,wind_field,vx_rand,cost
1,0.360141572314517,4.9499979019165
2,1.86284919871944,3.66000175476074
3,1.57528283619549,3.66000556945801
4,1.65304801428616,3.65999603271484
5,3.22127384466796,3.65999603271484
